Sequence,Class,tiny,small,aliphatic,aromatic,nonpolar,polar,charged,basic,acidic
DFLPNAIGDRQY ,A,16.667,50,25,16.667,58.333,58.333,25,8.333,16.667
DHQVYSENKPTI ,A,16.667,50,16.667,16.667,33.333,41.667,33.333,16.667,16.667
FPTLTRHEAVEI ,A,25,41.667,33.333,16.667,50,33.333,33.333,16.667,16.667
WIDNKQDANSHA ,A,25,58.333,25,16.667,33.333,66.667,33.333,16.667,16.667
RLLNTETEHSVY ,A,25,41.667,25,16.667,33.333,50,33.333,16.667,16.667
PNGQPTQGSEKG ,A,41.667,66.667,0,0,41.667,50,16.667,8.333,8.333
GIQVSNLARLHD ,A,25,50,41.667,8.333,50,33.333,25,16.667,8.333
IPASSRHNPPIE ,A,25,58.333,25,8.333,50,66.667,25,16.667,8.333
TMHGSISSEPKN ,A,41.667,58.333,8.333,8.333,33.333,33.333,25,16.667,8.333
DSNVKNHNNKPE ,A,8.333,66.667,8.333,8.333,16.667,66.667,41.667,25,16.667
VASPHASWHKDL ,A,33.333,58.333,33.333,25,50,41.667,33.333,25,8.333
YPGIMKTPSTPS ,A,41.667,66.667,8.333,8.333,58.333,58.333,8.333,8.333,0
TSTSSLRTMPLY ,A,50,58.333,16.667,8.333,41.667,50,8.333,8.333,0
WPSWKNPAYSLT ,A,33.333,58.333,16.667,25,58.333,50,8.333,8.333,0
YPGIMKTPSTPS ,A,41.667,66.667,8.333,8.333,58.333,50,8.333,8.333,0
KGTSPQVTSTHN ,A,50,75,8.333,8.333,25,50,16.667,16.667,0
RNHFEPLKHAIP ,A,8.333,33.333,25,25,50,33.333,41.667,33.333,8.333
HHKEMHSRMPAP ,A,16.667,33.333,8.333,25,41.667,66.667,50,41.667,8.333
YSLSAGYRKLMV ,A,33.333,41.667,33.333,16.667,66.667,16.667,16.667,16.667,0
YSRPAYKLPFGM ,A,25,41.667,16.667,25,75,83.333,16.667,16.667,0
LVGRVLLMLLFL ,A,8.333,25,66.667,8.333,91.667,50,8.333,8.333,0
HHKILHTGPYRL ,A,16.667,25,25,33.333,50,50,41.667,41.667,0
LPKWKAPHPFFS ,A,16.667,41.667,16.667,33.333,66.667,58.333,25,25,0
APKWLPHSKHWS ,A,25,41.667,16.667,33.333,50,41.667,33.333,33.333,0
HHKILHTGPYRL ,A,16.667,25,25,33.333,50,41.667,41.667,41.667,0
HPLWKATQMHKF ,A,16.667,25,16.667,33.333,50,58.333,33.333,33.333,0
WNAPGRYNASKT ,A,41.667,66.667,16.667,16.667,50,58.333,16.667,16.667,0
HKKPSPNMWPLS ,A,16.667,50,8.333,16.667,50,41.667,25,25,0
HPIHKPPHKRWN ,A,0,33.333,8.333,33.333,41.667,58.333,50,50,0
KPNHPHLSLWRW ,A,8.333,33.333,16.667,33.333,50,41.667,33.333,33.333,0
TKNPPRTQRPTK ,A,25,58.333,0,0,25,25,33.333,33.333,0
HKHNQRPRSQKQ ,A,8.333,25,0,16.667,8.333,75,50,50,0
QHNPILRPQPRR ,A,0,33.333,16.667,8.333,41.667,50,33.333,33.333,0
QYTFENPQTNVA ,B,25,58.333,16.667,16.667,41.667,50,8.333,0,8.333
WLEQSIPAPQNP ,B,16.667,50,25,8.333,58.333,41.667,8.333,0,8.333
SFAEDTPYRPPS ,B,33.333,66.667,8.333,16.667,50,58.333,25,8.333,16.667
SSTDVLSNDPSR ,B,41.667,83.333,16.667,0,25,66.667,25,8.333,16.667
AEYTYPAHQATF ,B,41.667,50,25,33.333,58.333,33.333,16.667,8.333,8.333
YGLPTQANSMQL ,B,33.333,50,25,8.333,58.333,75,0,0,0
VASSPGYNANTW ,B,50,83.333,25,16.667,58.333,25,0,0,0
GDYDSLTRAHYL ,B,33.333,50,25,25,50,91.667,33.333,16.667,16.667
DTYSIMNLTSPR ,B,33.333,58.333,16.667,8.333,41.667,8.333,16.667,8.333,8.333
EQTMRYFLSSTP ,B,33.333,41.667,8.333,16.667,41.667,50,16.667,8.333,8.333
GQGKEYPIPNPI ,B,16.667,50,16.667,8.333,66.667,50,16.667,8.333,8.333
AMRQLPLGQDYA ,B,25,41.667,33.333,8.333,66.667,66.667,16.667,8.333,8.333
INASSDAPSRGS ,B,58.333,83.333,25,0,41.667,33.333,16.667,8.333,8.333
SLQITMQQMELR ,B,16.667,16.667,25,0,41.667,50,16.667,8.333,8.333
SYWPFNALYKEG ,B,25,41.667,16.667,33.333,66.667,50,16.667,8.333,8.333
ADPYHIRAAAQP ,B,33.333,58.333,41.667,16.667,66.667,50,25,16.667,8.333
TLELPTRQAQHP ,B,25,41.667,25,8.333,41.667,50,25,16.667,8.333
SPLTRHVADFQT ,B,33.333,58.333,25,16.667,41.667,50,25,16.667,8.333
WGSSTWRPEHTP ,B,41.667,58.333,0,25,41.667,50,25,16.667,8.333
SAHGTSTGVPWP ,B,58.333,83.333,16.667,16.667,58.333,50,8.333,8.333,0
DTLPSRPAVTLH ,B,33.333,66.667,33.333,8.333,50,50,25,16.667,8.333
HNTTQWHLIALS ,B,33.333,41.667,33.333,25,41.667,50,16.667,16.667,0
TIHNHINGSSSV ,B,41.667,66.667,25,16.667,33.333,50,16.667,16.667,0
HYTHTIMASANN ,B,41.667,58.333,25,25,41.667,41.667,16.667,16.667,0
HRIHYTDVVPNQ ,B,8.333,50,25,25,41.667,58.333,33.333,25,8.333
AVARHDTLHTGH ,B,41.667,58.333,33.333,25,41.667,50,41.667,33.333,8.333
DLKGFWIKGPSA ,B,33.333,50,25,16.667,66.667,50,25,16.667,8.333
TYSGQITAVNSR ,B,50,66.667,25,8.333,41.667,25,8.333,8.333,0
LPKYASDRNWGT ,B,33.333,58.333,16.667,16.667,50,75,25,16.667,8.333
SYLWNVNREVQK ,B,8.333,41.667,25,16.667,41.667,8.333,25,16.667,8.333
GSLVYRSGSHAP ,B,50,66.667,25,16.667,58.333,91.667,16.667,16.667,0
HVPSTSWNKMQH ,B,25,50,8.333,25,33.333,41.667,25,25,0
QPPWLPGSATTR ,B,41.667,66.667,16.667,8.333,58.333,58.333,8.333,8.333,0
TQNAVRLDRWLT,B,25,50,33.333,8.333,41.667,41.667,25,16.667,8.333
GNQFNAQTRQGS,B,41.667,58.333,8.333,8.333,33.333,58.333,8.333,8.333,0
QHTPRVLSHEGR,B,25,41.667,16.667,16.667,33.333,58.333,41.667,33.333,8.333
SGGPRTSPAQPH,B,50,75,8.333,8.333,50,41.667,16.667,16.667,0
SWMPHPRWSPQH,B,16.667,41.667,0,33.333,50,50,25,25,0
SVSVGMKPSPRP,B,33.333,75,16.667,0,58.333,50,16.667,16.667,0